<?xml version="1.0" encoding="UTF-8"?>
<!--炫彩界面库-窗口布局文件-->
<head>
	<bindJsFile value="" />
</head>
<windowUI center="true" content="炫彩界面库 - 我的窗口名" name="Title" rect="20,20,712,334" windowStyle="2031" showT="true">
	<editUI contentTips="在此处填写url信息" contentTipsColor="#FF0000FF" cursor="IDC_CROSS" drawBorder="true" drawFocus="true" enable="true" enableFocus="true" multiLine="true" name="Info" rect="29,95,536,186" scrollBarAuto="true" scrollBarShowH="true" scrollBarShowV="true" showT="true" expandT="true" />
	<dateTimeUI rect="585,45,92,20" showT="true" expandT="true" />
	<buttonUI content="GetData" drawBorder="true" drawFocus="true" enable="true" enableFocus="true" name="Btn" rect="584,95,105,80" showT="true" expandT="true" />
	<shapeText content="输入URL，多行输入时请以分号&quot;;&quot;进行区分" layout.height="20" layout.width="auto" rect="30,54,234,20" showT="true" expandT="true" />
	<buttonUI content="Show In Explorer" drawBorder="true" drawFocus="true" enable="true" enableFocus="true" name="OpenBtn" rect="584,203,105,74" showT="true" expandT="true" />
</windowUI>
