<?xml version="1.0" encoding="UTF-8"?>
<!--炫彩界面库-窗口布局文件-->
<head>
	<bindJsFile value="" />
</head>
<windowUI center="true" content="性能数据获取工具" name="Title" rect="20,20,712,334" showT="true" windowStyle="2031">
	<editUI contentTips="在此处填写url信息" contentTipsColor="#FF0000FF" cursor="IDC_CROSS" drawBorder="true" drawFocus="true" enable="true" enableFocus="true" multiLine="true" name="Info" rect="29,95,536,186" scrollBarAuto="true" scrollBarShowH="true" scrollBarShowV="true" showT="true" expandT="true" />
	<dateTimeUI rect="585,45,105,20" showT="true" expandT="true" />
	<buttonUI content="GetDataForDaily" drawBorder="true" drawFocus="true" enable="true" enableFocus="true" iconAlign="right" name="BtnD" rect="584,95,105,40" showT="true" expandT="true" />
	<shapeText content="输入URL，多行输入时请以&quot;回车换行&quot;进行区分" layout.height="20" layout.width="auto" rect="30,54,234,20" showT="true" expandT="true" />
	<buttonUI content="Show In Explorer" drawBorder="true" drawFocus="true" enable="true" enableFocus="true" iconAlign="right" name="OpenBtn" rect="584,203,105,74" showT="true" expandT="true" />
	<buttonUI content="GetDataForWeek" drawBorder="true" drawFocus="true" enable="true" enableFocus="true" iconAlign="right" name="BtnW" rect="584,148,106,32" show="true" showT="true" expandT="true" />
</windowUI>
